id,first_name,last_name,email,gender,ip_address
1,Honey,Creamen,hcreamen0@nifty.com,Female,12.187.30.143
2,Des,Shinfield,dshinfield1@shop-pro.jp,Male,20.236.123.204
3,Eric,Woodwind,ewoodwind2@wikia.com,Male,213.23.218.63
4,Jacintha,Bridell,jbridell3@dailymail.co.uk,Female,4.106.228.130
5,Bo,Keyworth,bkeyworth4@msu.edu,Male,171.111.207.37
6,Merrielle,Hanning,mhanning5@so-net.ne.jp,Female,178.105.223.148
7,Sunny,MacGray,smacgray6@army.mil,Female,15.246.66.111
8,Guntar,Wakley,gwakley7@jigsy.com,Male,53.127.161.18
9,Kingsley,Bratton,kbratton8@mayoclinic.com,Male,226.169.34.67
10,Kimmi,Offell,koffell9@so-net.ne.jp,Female,254.101.62.51
11,Austin,Hardey,ahardeya@hibu.com,Female,246.122.96.99
12,Ladonna,Brodeau,lbrodeaub@omniture.com,Female,211.148.79.19
13,Felix,Cowle,fcowlec@example.com,Male,123.23.16.231
14,Hank,Orwin,horwind@newsvine.com,Male,170.133.165.210
15,Tildy,Marchello,tmarchelloe@blogspot.com,Female,167.253.49.244
16,Arne,Durrance,adurrancef@globo.com,Male,55.222.246.123
17,Sol,Pemble,spembleg@twitpic.com,Male,152.185.70.215
18,Kamilah,Kohrt,kkohrth@umich.edu,Female,63.252.1.109
19,Phylis,Drinkwater,pdrinkwateri@va.gov,Female,58.218.95.19
20,Georgiana,Shorter,gshorterj@berkeley.edu,Female,194.202.102.202
21,Grete,Eggleton,geggletonk@eventbrite.com,Female,105.165.38.174
22,Barbe,Lowles,blowlesl@sbwire.com,Female,169.0.175.161
23,Niko,Matyashev,nmatyashevm@mediafire.com,Male,125.201.114.37
24,Newton,Greystoke,ngreystoken@blogtalkradio.com,Male,115.70.7.232
25,Hillard,Blockwell,hblockwello@sakura.ne.jp,Male,99.248.205.129
26,Margareta,Denis,mdenisp@nydailynews.com,Agender,70.15.3.32
27,Gertie,Kopf,gkopfq@dion.ne.jp,Genderqueer,92.140.254.147
28,Baron,Arbuckel,barbuckelr@virginia.edu,Male,121.118.124.233
29,Fey,Farrants,ffarrantss@wikispaces.com,Female,192.138.8.108
30,Parry,Phython,pphythont@elpais.com,Male,63.155.132.9
31,Nate,Spoole,nspooleu@amazon.com,Male,105.197.28.230
32,Frederich,Richardsson,frichardssonv@cam.ac.uk,Male,225.96.179.140
33,Faun,Woofinden,fwoofindenw@theguardian.com,Female,148.125.50.199
34,Prince,Devereux,pdevereuxx@buzzfeed.com,Male,65.85.128.84
35,Shaylah,Disbrey,sdisbreyy@japanpost.jp,Female,225.210.152.153
36,Maximilian,Dovington,mdovingtonz@accuweather.com,Male,68.176.87.223
37,Bathsheba,Halgarth,bhalgarth10@tinyurl.com,Female,176.159.219.90
38,Thornton,Scarlan,tscarlan11@bloglines.com,Male,89.184.179.27
39,Gabbie,Loftus,gloftus12@cpanel.net,Female,55.113.16.91
40,Dalston,Bozworth,dbozworth13@pen.io,Male,94.181.247.171
41,Michaeline,Figure,mfigure14@wikimedia.org,Female,62.93.89.215
42,Tate,Tomblin,ttomblin15@eepurl.com,Female,134.149.21.210
43,Amabel,Cockrell,acockrell16@goodreads.com,Female,136.50.17.10
44,Godart,Metzke,gmetzke17@nature.com,Male,191.108.171.121
45,Christy,Klich,cklich18@mysql.com,Male,208.101.135.245
46,Donavon,Dowse,ddowse19@nps.gov,Male,84.247.81.80
47,Velvet,Kinghorn,vkinghorn1a@mapquest.com,Female,4.176.31.240
48,Alessandro,Van der Hoven,avanderhoven1b@timesonline.co.uk,Male,149.72.6.218
49,Doe,Jaques,djaques1c@discuz.net,Female,233.28.66.13
50,Benny,Playdon,bplaydon1d@barnesandnoble.com,Non-binary,184.48.206.246
51,Lianna,Hasney,lhasney1e@dropbox.com,Female,69.145.176.202
52,Lane,Player,lplayer1f@blogtalkradio.com,Male,236.117.251.71
53,Torre,Wharrier,twharrier1g@com.com,Polygender,251.25.249.215
54,Reeva,Carley,rcarley1h@harvard.edu,Female,136.2.84.107
55,Mark,Earengey,mearengey1i@ox.ac.uk,Male,159.2.17.39
56,Benjamen,Franceschi,bfranceschi1j@hostgator.com,Male,136.186.73.171
57,Durant,Jelf,djelf1k@homestead.com,Male,40.9.146.186
58,Joete,Spridgen,jspridgen1l@google.pl,Female,208.249.23.231
59,Rodina,Jozsika,rjozsika1m@about.me,Female,90.13.109.248
60,Waverley,MacCawley,wmaccawley1n@spotify.com,Male,37.248.65.173
61,Dru,Eddisforth,deddisforth1o@4shared.com,Female,217.43.191.211
62,Gage,Crosson,gcrosson1p@netlog.com,Male,145.97.215.243
63,Felike,Everton,feverton1q@theatlantic.com,Male,30.74.31.117
64,Edgardo,Bartelet,ebartelet1r@hc360.com,Male,11.218.163.61
65,Arnie,Hollidge,ahollidge1s@marketwatch.com,Male,190.104.28.143
66,Lydia,Corkell,lcorkell1t@cafepress.com,Female,104.245.204.244
67,Neile,Martyntsev,nmartyntsev1u@blogtalkradio.com,Female,203.245.237.186
68,Richie,Sackur,rsackur1v@pinterest.com,Male,64.38.222.65
69,Selena,Jewson,sjewson1w@senate.gov,Genderqueer,246.156.150.46
70,Ulrike,Eastop,ueastop1x@goodreads.com,Female,39.239.155.47
71,Nowell,Catterall,ncatterall1y@nsw.gov.au,Male,30.118.180.123
72,Nikki,Boothman,nboothman1z@vkontakte.ru,Female,163.104.15.186
73,Almeta,Gerner,agerner20@rambler.ru,Female,235.7.82.209
74,Lesya,Silburn,lsilburn21@behance.net,Female,193.172.37.177
75,August,Milier,amilier22@economist.com,Male,98.30.113.233
76,Herrick,Zappel,hzappel23@artisteer.com,Male,202.238.74.158
77,Lenka,Van Saltsberg,lvansaltsberg24@accuweather.com,Female,255.248.92.248
78,Barry,MacCallam,bmaccallam25@infoseek.co.jp,Female,23.179.81.157
79,Trevar,Spofford,tspofford26@google.com.hk,Male,120.205.218.56
80,Yale,Gerish,ygerish27@flavors.me,Male,218.24.47.211
81,Amory,Moorerud,amoorerud28@barnesandnoble.com,Male,241.133.82.237
82,Puff,Polland,ppolland29@phpbb.com,Male,65.26.21.99
83,Matthias,Chesnut,mchesnut2a@skyrock.com,Male,165.60.169.52
84,Clifford,Cescot,ccescot2b@oracle.com,Male,25.49.94.238
85,Briant,Bubear,bbubear2c@google.com.hk,Male,177.29.96.73
86,Fernando,Lamartine,flamartine2d@jiathis.com,Male,79.184.233.124
87,Eugen,Secretan,esecretan2e@naver.com,Male,90.62.191.233
88,Ginny,Rodden,grodden2f@ibm.com,Genderqueer,43.126.118.94
89,Manfred,Nisco,mnisco2g@cisco.com,Male,133.26.20.88
90,Jonathan,Muncey,jmuncey2h@geocities.jp,Male,124.225.177.103
91,Dunn,MacAlister,dmacalister2i@prweb.com,Non-binary,61.192.76.240
92,Harmonie,Gauford,hgauford2j@ted.com,Female,116.38.175.3
93,Nadia,Copley,ncopley2k@psu.edu,Female,222.139.105.75
94,Mile,McGarvie,mmcgarvie2l@slideshare.net,Male,56.243.35.168
95,Abagael,Lalley,alalley2m@salon.com,Agender,77.106.142.24
96,Livvie,Gorthy,lgorthy2n@auda.org.au,Female,73.44.102.156
97,Melanie,Walsom,mwalsom2o@bigcartel.com,Female,44.185.252.235
98,Heinrik,Grishaev,hgrishaev2p@home.pl,Male,83.224.0.97
99,Stacee,Beel,sbeel2q@blogs.com,Male,219.110.22.211
100,Jamie,Rosina,jrosina2r@state.tx.us,Female,15.151.3.27
101,Camila,Pardy,cpardy2s@canalblog.com,Female,195.60.248.108
102,Brnaba,Bichard,bbichard2t@chronoengine.com,Bigender,87.226.148.221
103,Shannon,Dorre,sdorre2u@weibo.com,Female,36.63.90.118
104,Cassius,Girdwood,cgirdwood2v@census.gov,Male,12.120.39.163
105,Laurena,Spacey,lspacey2w@live.com,Female,141.246.125.220
106,Hobart,Spurnier,hspurnier2x@uol.com.br,Male,155.89.44.2
107,Lorant,Lace,llace2y@miibeian.gov.cn,Male,101.112.218.55
108,Niko,Bracher,nbracher2z@forbes.com,Male,30.196.114.149
109,Leigh,Bellis,lbellis30@themeforest.net,Male,236.90.230.185
110,Lin,Coumbe,lcoumbe31@yahoo.co.jp,Female,160.92.251.99
111,Elliott,Pracy,epracy32@arizona.edu,Male,52.34.102.172
112,Leroy,Tregonna,ltregonna33@sitemeter.com,Male,214.198.54.6
113,Shawn,Blanch,sblanch34@ted.com,Male,222.150.230.4
114,Kayla,Girk,kgirk35@mozilla.com,Female,230.106.49.235
115,Debby,Eakin,deakin36@bandcamp.com,Genderqueer,43.69.53.156
116,Daren,Gorges,dgorges37@discovery.com,Male,142.107.26.39
117,Kessia,Wipfler,kwipfler38@nyu.edu,Polygender,206.218.226.32
118,Marcello,Reinisch,mreinisch39@cdbaby.com,Male,48.68.203.220
119,Channa,Glasscoo,cglasscoo3a@google.com.au,Female,100.227.79.2
120,Cher,Chatain,cchatain3b@virginia.edu,Female,160.59.136.26
121,Gwyneth,Dacey,gdacey3c@mapy.cz,Female,117.242.46.120
122,Cosette,Marousek,cmarousek3d@prweb.com,Female,7.61.222.189
123,Deana,Durrad,ddurrad3e@goo.ne.jp,Female,141.18.239.139
124,Gay,Nanuccioi,gnanuccioi3f@imdb.com,Male,140.205.117.141
125,Maxy,Maggiore,mmaggiore3g@hc360.com,Male,250.157.33.49
126,Emanuele,Faudrie,efaudrie3h@state.gov,Male,157.8.188.132
127,Audrye,Loyndon,aloyndon3i@bandcamp.com,Female,141.24.238.58
128,Dal,Gillam,dgillam3j@unc.edu,Male,35.244.36.41
129,Harlene,Pymm,hpymm3k@posterous.com,Female,29.65.158.7
130,Kienan,Hawarden,khawarden3l@1und1.de,Male,238.242.16.45
131,Philippa,Yakunkin,pyakunkin3m@newyorker.com,Female,139.216.139.189
132,Tracey,Leheude,tleheude3n@privacy.gov.au,Female,56.114.161.95
133,Ruddie,Nickoles,rnickoles3o@dailymotion.com,Agender,117.205.189.239
134,Sascha,McCague,smccague3p@gmpg.org,Male,49.5.248.87
135,Anni,Cavanaugh,acavanaugh3q@xrea.com,Female,203.122.247.254
136,Cordie,Cussins,ccussins3r@fastcompany.com,Male,12.108.168.62
137,Alicea,Nolleau,anolleau3s@yahoo.com,Non-binary,10.227.211.253
138,Sandro,Eskrigg,seskrigg3t@1688.com,Male,4.52.35.245
139,Hermie,Goor,hgoor3u@cdbaby.com,Male,220.82.146.81
140,Anne,Gatfield,agatfield3v@cargocollective.com,Female,156.237.132.52
141,Consuela,Spondley,cspondley3w@t-online.de,Female,163.53.215.119
142,Reube,Hundall,rhundall3x@flickr.com,Male,44.37.179.175
143,Thedrick,Clayworth,tclayworth3y@yelp.com,Male,200.141.181.120
144,Judd,Ibbetson,jibbetson3z@skype.com,Male,148.160.219.244
145,Xavier,Crosston,xcrosston40@vkontakte.ru,Male,179.252.55.247
146,Malorie,Elph,melph41@sitemeter.com,Female,134.73.15.180
147,Tony,Collingworth,tcollingworth42@marketwatch.com,Female,58.111.122.246
148,Perle,Biggin,pbiggin43@nbcnews.com,Polygender,109.1.165.196
149,Taite,Raye,traye44@furl.net,Male,25.39.89.182
150,Dionis,Desorts,ddesorts45@clickbank.net,Agender,231.246.71.187
151,Zackariah,Franzelini,zfranzelini46@wikipedia.org,Male,73.131.76.41
152,Carine,Grundy,cgrundy47@ted.com,Female,111.199.249.194
153,Saba,Leach,sleach48@census.gov,Female,173.59.119.179
154,Jethro,Quixley,jquixley49@google.com.au,Male,53.52.165.222
155,Robby,Hanlon,rhanlon4a@webnode.com,Male,142.11.79.142
156,Ileana,Melbourn,imelbourn4b@fotki.com,Female,72.219.164.188
157,Tymon,Cunnell,tcunnell4c@yahoo.co.jp,Male,226.128.13.119
158,Betty,Croley,bcroley4d@google.ca,Female,242.233.159.250
159,Creighton,Capel,ccapel4e@wisc.edu,Male,202.98.7.176
160,Baird,Martellini,bmartellini4f@163.com,Male,104.186.175.54
161,Aubree,Gaunt,agaunt4g@senate.gov,Polygender,242.172.237.252
162,Melisa,Lewson,mlewson4h@e-recht24.de,Polygender,165.221.25.117
163,Malvina,Becraft,mbecraft4i@naver.com,Female,94.108.152.21
164,Binny,Foxon,bfoxon4j@chron.com,Female,141.98.217.14
165,Doll,Beardwood,dbeardwood4k@fotki.com,Female,90.159.171.25
166,Merrick,Wolpert,mwolpert4l@biglobe.ne.jp,Male,229.167.248.2
167,Kalina,Padbury,kpadbury4m@g.co,Female,127.195.247.233
168,Loren,Fargher,lfargher4n@tmall.com,Female,70.224.101.15
169,Myrlene,Corain,mcorain4o@naver.com,Female,49.113.161.121
170,Vincent,Iremonger,viremonger4p@tripadvisor.com,Male,160.159.223.245
171,Valeria,Leadbeatter,vleadbeatter4q@whitehouse.gov,Female,42.2.160.164
172,Annadiana,Sheers,asheers4r@huffingtonpost.com,Female,188.211.234.167
173,Conroy,Cody,ccody4s@nature.com,Male,112.92.145.58
174,Nikki,Geratasch,ngeratasch4t@theglobeandmail.com,Female,2.58.62.230
175,Gisela,Durran,gdurran4u@jugem.jp,Female,155.92.68.84
176,Danni,Faivre,dfaivre4v@archive.org,Female,209.79.150.111
177,Rey,Louis,rlouis4w@eepurl.com,Female,24.178.223.3
178,Leshia,Nacey,lnacey4x@reference.com,Female,46.4.42.161
179,Jamesy,Purcell,jpurcell4y@ustream.tv,Male,249.75.190.77
180,Camey,Rabat,crabat4z@ft.com,Male,13.63.30.187
181,Enoch,Kalker,ekalker50@wix.com,Male,79.21.229.103
182,Kristian,Bakey,kbakey51@prnewswire.com,Male,98.107.79.138
183,Michaelina,Bolstridge,mbolstridge52@yellowpages.com,Female,212.15.5.77
184,Washington,Culkin,wculkin53@goo.gl,Male,175.32.177.137
185,Alyson,Palfrey,apalfrey54@behance.net,Female,16.11.86.15
186,Tyrus,Wheadon,twheadon55@omniture.com,Male,239.170.63.80
187,Ashlin,Jossel,ajossel56@bloomberg.com,Male,91.174.151.63
188,Danell,Kybird,dkybird57@youku.com,Polygender,61.44.145.240
189,Angil,Grigorescu,agrigorescu58@independent.co.uk,Female,70.69.52.54
190,Tabby,Yushin,tyushin59@un.org,Male,239.106.91.116
191,Violette,Vassay,vvassay5a@storify.com,Female,213.114.59.73
192,Karl,Pigney,kpigney5b@mit.edu,Male,66.125.187.26
193,Keefer,Gerrans,kgerrans5c@1und1.de,Non-binary,41.170.130.121
194,Minor,Cheers,mcheers5d@soundcloud.com,Male,131.159.70.105
195,Viviene,Muslim,vmuslim5e@foxnews.com,Female,95.184.162.239
196,Chrissie,Mattes,cmattes5f@i2i.jp,Male,130.118.254.27
197,Dov,Atger,datger5g@ftc.gov,Male,132.129.96.220
198,Elroy,Duckerin,educkerin5h@weebly.com,Male,16.24.163.212
199,Storm,Mace,smace5i@amazon.de,Female,91.190.12.87
200,Zelig,Duinkerk,zduinkerk5j@cbc.ca,Male,1.144.33.49
201,Kit,Fraschini,kfraschini5k@discovery.com,Male,19.94.89.141
202,Zorina,Winger,zwinger5l@csmonitor.com,Female,232.154.34.114
203,Page,Ashling,pashling5m@posterous.com,Male,96.41.129.20
204,Yvor,Lezemore,ylezemore5n@etsy.com,Male,248.18.252.121
205,Nathalia,Liddon,nliddon5o@independent.co.uk,Female,6.227.17.98
206,Marlon,Priestner,mpriestner5p@statcounter.com,Male,129.40.103.208
207,Bron,Richardet,brichardet5q@wix.com,Male,132.6.166.207
208,Angelia,Muckersie,amuckersie5r@weather.com,Female,196.221.197.234
209,Glyn,D'Abbot-Doyle,gdabbotdoyle5s@gravatar.com,Female,97.126.231.239
210,Myrah,Hayton,mhayton5t@canalblog.com,Female,2.32.11.227
211,Ianthe,Wankel,iwankel5u@archive.org,Female,76.23.1.163
212,Hewett,Fernandez,hfernandez5v@free.fr,Male,222.172.97.162
213,Dorri,Chark,dchark5w@nbcnews.com,Agender,106.62.26.109
214,Carlie,Allright,callright5x@jigsy.com,Male,133.162.38.105
215,Wyn,Van Driel,wvandriel5y@weebly.com,Male,184.238.7.106
216,Robb,McBrearty,rmcbrearty5z@imageshack.us,Male,134.148.115.174
217,Reginauld,Stancliffe,rstancliffe60@wufoo.com,Male,229.13.242.194
218,Niko,Strainge,nstrainge61@dot.gov,Male,108.29.110.99
219,Braden,Stoile,bstoile62@amazon.com,Polygender,66.250.76.53
220,Tamara,Macilhench,tmacilhench63@usa.gov,Female,74.91.19.253
221,Giffie,Jordin,gjordin64@about.com,Male,125.167.8.154
222,Nikola,Adney,nadney65@utexas.edu,Bigender,160.115.164.224
223,Zed,Idell,zidell66@illinois.edu,Male,202.7.91.28
224,Ilario,Robun,irobun67@mlb.com,Male,157.199.140.3
225,Leroi,Rostern,lrostern68@nydailynews.com,Male,189.82.64.87
226,Davy,Delgadillo,ddelgadillo69@mtv.com,Male,137.247.242.226
227,Katine,Jossum,kjossum6a@statcounter.com,Female,175.183.204.224
228,Shandeigh,Martusov,smartusov6b@google.es,Female,229.5.33.140
229,Jerrine,Issacof,jissacof6c@msu.edu,Female,88.168.203.137
230,Florry,Scholer,fscholer6d@smugmug.com,Female,87.226.106.126
231,Maressa,Cusiter,mcusiter6e@ed.gov,Female,45.193.87.199
232,Angel,Caldera,acaldera6f@hao123.com,Male,206.163.81.242
233,Emlyn,Lindenman,elindenman6g@abc.net.au,Male,155.62.213.65
234,Emlynne,Mc Carroll,emccarroll6h@wikia.com,Female,67.78.149.214
235,Jemmie,Woodburne,jwoodburne6i@opera.com,Female,53.135.248.103
236,Doe,Anthonies,danthonies6j@mozilla.org,Female,92.42.98.168
237,Sonnie,Gershom,sgershom6k@amazon.co.jp,Female,103.167.66.73
238,Walt,Folkard,wfolkard6l@netlog.com,Male,86.219.242.29
239,Gregory,Fison,gfison6m@uiuc.edu,Male,30.60.147.84
240,Nikola,Kneebone,nkneebone6n@jugem.jp,Male,188.146.138.179
241,Toddie,Kyles,tkyles6o@earthlink.net,Male,251.70.222.117
242,Earle,Giovannilli,egiovannilli6p@hostgator.com,Male,108.134.191.227
243,Scarlett,Mendez,smendez6q@hexun.com,Female,126.88.112.21
244,Webb,Mouget,wmouget6r@ft.com,Male,65.38.220.122
245,Patton,Coslitt,pcoslitt6s@wix.com,Male,171.38.178.157
246,Lori,Hearnes,lhearnes6t@state.gov,Female,250.93.215.143
247,Hedi,Klambt,hklambt6u@accuweather.com,Female,170.103.166.49
248,Aline,Wraighte,awraighte6v@bloglines.com,Female,210.171.81.89
249,Marcelle,Quigley,mquigley6w@fda.gov,Female,252.1.72.247
250,Skippy,McLleese,smclleese6x@quantcast.com,Male,55.123.64.30
251,Hew,Richen,hrichen6y@cdc.gov,Non-binary,17.34.246.116
252,Holt,Gladman,hgladman6z@acquirethisname.com,Male,247.176.48.221
253,Regina,Cadle,rcadle70@blog.com,Female,245.3.36.219
254,Shay,Foro,sforo71@com.com,Female,190.171.20.90
255,Joella,Dagwell,jdagwell72@irs.gov,Female,226.154.93.201
256,Tani,Seadon,tseadon73@samsung.com,Female,34.22.74.241
257,Jabez,Quartermaine,jquartermaine74@ocn.ne.jp,Male,209.118.26.73
258,Rozalie,Remer,rremer75@wunderground.com,Genderqueer,236.122.245.75
259,Merell,Haker,mhaker76@ustream.tv,Male,63.41.126.9
260,Alejandro,Koppke,akoppke77@list-manage.com,Male,79.164.208.42
261,Leeanne,Robertet,lrobertet78@ted.com,Female,47.177.230.56
262,Jarret,Bolter,jbolter79@reuters.com,Male,186.191.125.4
263,Maiga,Vila,mvila7a@time.com,Female,13.147.106.58
264,Kyla,Tort,ktort7b@people.com.cn,Female,240.247.151.113
265,Annadiane,Fairchild,afairchild7c@seesaa.net,Female,33.165.168.38
266,Weber,Brunelleschi,wbrunelleschi7d@hostgator.com,Male,26.47.175.233
267,Hermia,Ricard,hricard7e@pcworld.com,Female,26.59.158.1
268,Eveline,Takle,etakle7f@meetup.com,Female,54.127.154.36
269,Hyacintha,Sandaver,hsandaver7g@rediff.com,Female,18.115.115.236
270,Chauncey,Casswell,ccasswell7h@xing.com,Male,18.67.73.113
271,Helga,Caitlin,hcaitlin7i@posterous.com,Female,33.154.189.77
272,Cello,Laird,claird7j@phoca.cz,Male,13.81.18.249
273,Quent,Dorot,qdorot7k@umn.edu,Male,128.15.18.254
274,Zandra,McEnhill,zmcenhill7l@yellowpages.com,Female,25.49.62.191
275,Cesaro,Dunabie,cdunabie7m@ask.com,Male,247.126.119.61
276,Sebastian,Whitehead,swhitehead7n@whitehouse.gov,Male,213.220.178.10
277,Jenelle,Valance,jvalance7o@cdbaby.com,Female,3.128.5.218
278,Berny,Copnell,bcopnell7p@samsung.com,Male,68.91.217.202
279,Bird,Bowry,bbowry7q@mapy.cz,Female,176.206.160.43
280,Sada,Grattage,sgrattage7r@spotify.com,Female,59.87.153.140
281,Welch,Popham,wpopham7s@nhs.uk,Male,22.30.129.15
282,Tomaso,Slarke,tslarke7t@senate.gov,Male,114.133.174.62
283,Trefor,Souza,tsouza7u@pbs.org,Male,58.110.125.61
284,Francklyn,Itchingham,fitchingham7v@edublogs.org,Male,14.4.222.139
285,Slade,Search,ssearch7w@slashdot.org,Male,232.176.3.173
286,Creighton,Pilsworth,cpilsworth7x@lulu.com,Male,122.81.52.59
287,Wells,Mathevet,wmathevet7y@ebay.com,Male,97.117.203.192
288,Randy,Lourenco,rlourenco7z@telegraph.co.uk,Female,49.246.95.228
289,Iolande,Yendall,iyendall80@ebay.co.uk,Female,167.110.24.111
290,Adolphus,Seabrooke,aseabrooke81@spiegel.de,Male,215.65.15.142
291,Rozamond,Stembridge,rstembridge82@nba.com,Female,69.0.222.106
292,Tatiana,Daunay,tdaunay83@pinterest.com,Genderfluid,14.75.81.69
293,Dorothy,Hurtic,dhurtic84@mlb.com,Female,219.178.215.52
294,Tannie,Cassam,tcassam85@opera.com,Male,22.113.118.233
295,Maxwell,Alexsandrowicz,malexsandrowicz86@slashdot.org,Male,237.73.109.63
296,Leroi,Quainton,lquainton87@mysql.com,Male,3.63.129.193
297,Pavel,Worboy,pworboy88@furl.net,Male,120.245.171.150
298,Hamel,Mizzen,hmizzen89@zimbio.com,Male,136.117.161.125
299,Bertha,Dartnell,bdartnell8a@myspace.com,Female,21.31.7.41
300,Davide,Treverton,dtreverton8b@angelfire.com,Male,113.184.31.74
301,Lorin,Cline,lcline8c@gnu.org,Male,164.206.111.195
302,Niki,Holt,nholt8d@cnn.com,Female,155.186.145.157
303,Homer,Langhor,hlanghor8e@goo.ne.jp,Male,168.86.11.159
304,Clarke,Aphale,caphale8f@ted.com,Male,225.118.143.201
305,Maritsa,Grogono,mgrogono8g@wired.com,Female,52.231.173.177
306,Blondelle,Gourley,bgourley8h@wiley.com,Female,46.81.104.199
307,Alla,Senchenko,asenchenko8i@soundcloud.com,Female,171.242.223.121
308,Hunt,Schuricht,hschuricht8j@wix.com,Male,135.102.86.86
309,Reta,Strass,rstrass8k@tiny.cc,Female,153.91.200.218
310,Bamby,Learmouth,blearmouth8l@mediafire.com,Female,196.68.67.53
311,Kandy,Carabet,kcarabet8m@phoca.cz,Female,18.186.209.236
312,Dorthea,Torritti,dtorritti8n@mail.ru,Female,38.133.137.82
313,Towney,Bulfield,tbulfield8o@sun.com,Male,56.194.151.45
314,Dar,Rashleigh,drashleigh8p@indiatimes.com,Male,140.132.7.235
315,Emmalyn,Hearnden,ehearnden8q@alibaba.com,Female,202.253.20.91
316,Carlo,Aird,caird8r@gmpg.org,Male,208.237.28.182
317,Carlie,Brosh,cbrosh8s@shareasale.com,Genderfluid,167.117.182.136
318,Janene,Ridding,jridding8t@imdb.com,Agender,248.36.23.96
319,Burt,Craghead,bcraghead8u@privacy.gov.au,Male,220.98.230.255
320,Jaquelin,Roughan,jroughan8v@weebly.com,Genderqueer,25.61.214.141
321,Randal,McGirl,rmcgirl8w@google.co.uk,Male,215.107.160.204
322,Rosemary,Laurenson,rlaurenson8x@w3.org,Female,174.201.144.109
323,Tommi,Curson,tcurson8y@woothemes.com,Female,32.148.154.244
324,Arch,Moro,amoro8z@businesswire.com,Male,221.231.24.172
325,Riobard,Branscomb,rbranscomb90@posterous.com,Male,184.160.196.235
326,Ogden,Murcott,omurcott91@whitehouse.gov,Male,0.47.231.85
327,Hedwig,Kiloh,hkiloh92@bbc.co.uk,Female,151.95.13.137
328,Kara,Insworth,kinsworth93@prlog.org,Female,222.205.221.74
329,Binnie,O'Kennavain,bokennavain94@timesonline.co.uk,Bigender,231.226.106.110
330,Dorothee,Vedenyakin,dvedenyakin95@lulu.com,Female,53.183.50.27
331,Myrilla,Cavell,mcavell96@issuu.com,Female,76.10.118.165
332,Malory,Elflain,melflain97@wp.com,Female,133.89.95.162
333,Shaylynn,Middleditch,smiddleditch98@spiegel.de,Female,65.54.249.127
334,Ludovika,Arunowicz,larunowicz99@accuweather.com,Female,226.5.36.95
335,Kip,Cuppleditch,kcuppleditch9a@quantcast.com,Male,11.11.110.102
336,Tammi,Goater,tgoater9b@delicious.com,Genderfluid,155.145.71.123
337,Hartley,Tooze,htooze9c@hud.gov,Male,107.14.252.239
338,Diarmid,Masse,dmasse9d@hc360.com,Male,236.110.224.1
339,Quincey,Wetherburn,qwetherburn9e@ucoz.ru,Non-binary,3.47.195.224
340,Dalis,Spincke,dspincke9f@issuu.com,Male,231.228.152.26
341,Pier,Ellin,pellin9g@unblog.fr,Female,200.248.197.139
342,Sutton,Patzelt,spatzelt9h@squarespace.com,Male,130.171.187.9
343,Dav,Gyer,dgyer9i@ezinearticles.com,Male,227.147.19.21
344,Paco,Fieldgate,pfieldgate9j@walmart.com,Male,95.74.4.57
345,Barbara,Claire,bclaire9k@studiopress.com,Female,171.10.232.206
346,Harley,Hanney,hhanney9l@about.com,Male,29.145.0.10
347,Stormy,Milsap,smilsap9m@washingtonpost.com,Female,66.179.72.133
348,Padriac,Tytherton,ptytherton9n@spotify.com,Male,7.117.121.32
349,Alaine,Meaddowcroft,ameaddowcroft9o@lulu.com,Female,217.15.86.55
350,Rheba,Tommis,rtommis9p@ted.com,Female,58.75.38.155
351,Cora,Dary,cdary9q@addthis.com,Female,116.45.224.216
352,Augustus,Strode,astrode9r@youku.com,Genderfluid,58.89.59.240
353,Loydie,Swallow,lswallow9s@slideshare.net,Male,103.255.199.222
354,Alec,Vasey,avasey9t@naver.com,Male,113.97.202.88
355,Bord,Rising,brising9u@state.tx.us,Male,164.230.39.250
356,Garek,Houten,ghouten9v@jigsy.com,Male,125.43.193.28
357,Moina,Currer,mcurrer9w@scientificamerican.com,Female,190.52.81.146
358,Claribel,Hopfner,chopfner9x@columbia.edu,Female,186.20.159.10
359,Tristan,Fahy,tfahy9y@prnewswire.com,Male,170.133.84.40
360,Gaspar,Glyn,gglyn9z@cocolog-nifty.com,Male,207.208.222.160
361,Marti,Cancellieri,mcancellieria0@dmoz.org,Female,194.179.50.48
362,Elicia,Lyon,elyona1@booking.com,Female,128.4.122.198
363,Reidar,Fenne,rfennea2@go.com,Male,61.101.169.59
364,Branden,Lescop,blescopa3@disqus.com,Male,19.171.214.122
365,Billye,Udale,budalea4@i2i.jp,Female,125.178.216.233
366,Tobi,Gillibrand,tgillibranda5@tripadvisor.com,Female,118.75.159.226
367,Chandal,Adshed,cadsheda6@umich.edu,Female,147.47.176.64
368,Ignazio,Heister,iheistera7@wufoo.com,Male,60.37.117.176
369,Nehemiah,McIllroy,nmcillroya8@google.ru,Male,77.146.242.168
370,Betti,Franzonello,bfranzonelloa9@mashable.com,Female,216.86.230.191
371,Jerrome,Scardefield,jscardefieldaa@imageshack.us,Male,86.67.86.82
372,Adel,Scates,ascatesab@infoseek.co.jp,Agender,170.118.170.137
373,Alma,Kirsz,akirszac@about.me,Female,178.164.176.143
374,Duke,Gueinn,dgueinnad@irs.gov,Male,202.59.239.85
375,Bessy,Ticehurst,bticehurstae@ow.ly,Agender,73.180.65.50
376,Elysha,Illingworth,eillingworthaf@blogger.com,Female,8.54.129.5
377,Malcolm,Bellis,mbellisag@photobucket.com,Polygender,186.190.55.119
378,Ernie,Lodder,elodderah@sfgate.com,Male,214.44.185.110
379,Reinhold,Siaskowski,rsiaskowskiai@cdbaby.com,Male,51.146.53.136
380,Lissie,O'Fogarty,lofogartyaj@mozilla.org,Female,39.181.124.47
381,Anstice,Goodlip,agoodlipak@nature.com,Female,35.91.54.191
382,Nikolia,Antoney,nantoneyal@drupal.org,Female,175.80.93.252
383,Estrellita,Mc Corley,emccorleyam@tmall.com,Female,187.168.150.99
384,Arni,Van der Veldt,avanderveldtan@umn.edu,Male,167.26.174.11
385,Olivier,Nairy,onairyao@tiny.cc,Male,146.148.206.181
386,Sibilla,Boffin,sboffinap@usgs.gov,Female,249.66.240.208
387,Nora,Finneran,nfinneranaq@japanpost.jp,Female,115.30.255.191
388,Fairleigh,Batrim,fbatrimar@furl.net,Male,0.66.96.92
389,Charlton,Crutcher,ccrutcheras@liveinternet.ru,Male,164.163.30.123
390,Skye,Kingdom,skingdomat@hubpages.com,Male,73.50.35.238
391,Aurie,Radbourn,aradbournau@miibeian.gov.cn,Non-binary,16.133.16.119
392,Beatriz,De Zuani,bdezuaniav@elpais.com,Female,201.46.228.140
393,Jobi,Doles,jdolesaw@e-recht24.de,Female,194.71.0.104
394,Rabbi,Standell,rstandellax@posterous.com,Male,2.160.181.210
395,Bili,Gildroy,bgildroyay@csmonitor.com,Female,49.197.37.152
396,Berke,Gosswell,bgosswellaz@apache.org,Male,7.29.103.202
397,Mufinella,Kristof,mkristofb0@ask.com,Female,132.166.36.57
398,Ozzy,Castan,ocastanb1@163.com,Male,158.26.222.15
399,Kennedy,Driver,kdriverb2@mit.edu,Genderfluid,24.178.195.105
400,Colver,Dethloff,cdethloffb3@vistaprint.com,Male,247.19.174.55
401,Arlen,Halling,ahallingb4@quantcast.com,Male,161.92.249.76
402,Susi,Trolley,strolleyb5@artisteer.com,Female,103.8.89.101
403,Abbey,Gonzalez,agonzalezb6@cbsnews.com,Male,225.64.32.125
404,Jesse,Chrystal,jchrystalb7@amazon.co.jp,Male,153.20.229.145
405,Sarge,Glas,sglasb8@deliciousdays.com,Male,234.139.163.173
406,Ursuline,Deville,udevilleb9@sitemeter.com,Female,221.57.50.60
407,Drucy,Rothery,drotheryba@ucoz.ru,Female,249.45.94.89
408,Nara,Middle,nmiddlebb@indiegogo.com,Female,43.221.46.211
409,Mariele,Olyunin,molyuninbc@discuz.net,Female,160.250.213.100
410,Glenn,Breeder,gbreederbd@biglobe.ne.jp,Male,183.108.22.238
411,Maurise,Drance,mdrancebe@forbes.com,Male,28.230.110.102
412,Teodoro,Gerckens,tgerckensbf@house.gov,Male,0.123.248.206
413,Gibbie,Weatherdon,gweatherdonbg@a8.net,Male,215.13.168.179
414,Veronika,Gallego,vgallegobh@springer.com,Female,44.39.98.241
415,Mitchael,Van Bruggen,mvanbruggenbi@nifty.com,Male,89.120.212.13
416,Rebecca,Lemmen,rlemmenbj@bravesites.com,Female,50.193.181.141
417,Nicolai,Screen,nscreenbk@usnews.com,Non-binary,66.241.111.187
418,Niki,McKellar,nmckellarbl@weebly.com,Male,121.244.78.41
419,Datha,McGillivray,dmcgillivraybm@mapquest.com,Agender,58.86.186.239
420,Adele,Beachem,abeachembn@pcworld.com,Female,233.68.148.66
421,Alayne,Radoux,aradouxbo@usda.gov,Female,61.19.150.240
422,Grayce,Caswill,gcaswillbp@aol.com,Female,85.10.73.186
423,Neale,Hurworth,nhurworthbq@loc.gov,Male,45.130.191.171
424,Porty,Dumper,pdumperbr@paginegialle.it,Male,109.1.116.77
425,Rafi,Charlotte,rcharlottebs@symantec.com,Male,175.159.12.9
426,Emilia,Woofendell,ewoofendellbt@fastcompany.com,Female,253.68.44.170
427,Burton,Wallworke,bwallworkebu@google.co.jp,Male,143.61.22.76
428,Leta,Halms,lhalmsbv@alexa.com,Female,134.24.171.73
429,Pammi,Antoniades,pantoniadesbw@amazon.com,Female,201.213.68.217
430,Amelina,Deinhard,adeinhardbx@quantcast.com,Female,117.218.86.173
431,Inigo,Joberne,ijoberneby@mapy.cz,Male,121.250.16.79
432,Rodina,Salzberg,rsalzbergbz@drupal.org,Female,154.238.100.243
433,Sissie,Ambrogiotti,sambrogiottic0@usgs.gov,Female,89.162.74.248
434,Blanch,Lipsett,blipsettc1@plala.or.jp,Female,168.151.81.251
435,Fenelia,Tuminini,ftumininic2@comcast.net,Female,18.199.26.52
436,Krishna,Vasiljevic,kvasiljevicc3@networkadvertising.org,Male,19.240.25.158
437,Uri,Murie,umuriec4@joomla.org,Male,73.162.149.59
438,Hastings,Trim,htrimc5@netvibes.com,Male,50.95.95.150
439,Ermina,Ireland,eirelandc6@jimdo.com,Female,234.65.103.222
440,Hercules,Giraudou,hgiraudouc7@answers.com,Male,150.152.211.128
441,Alistair,Flute,aflutec8@shinystat.com,Male,42.138.83.199
442,Jessalin,Tattoo,jtattooc9@taobao.com,Female,94.141.67.44
443,Rik,Daventry,rdaventryca@taobao.com,Male,202.7.191.214
444,Orton,Whiles,owhilescb@elpais.com,Male,247.22.38.252
445,Barclay,Scorrer,bscorrercc@google.ru,Male,41.221.230.69
446,Emmie,Simond,esimondcd@google.co.jp,Female,98.43.98.216
447,Davie,Westcott,dwestcottce@go.com,Male,251.44.66.166
448,Letti,Constable,lconstablecf@shareasale.com,Female,63.83.61.138
449,Sorcha,d' Elboux,sdelbouxcg@google.com.au,Female,88.215.96.232
450,Ignacius,Greim,igreimch@wikipedia.org,Male,29.17.51.85
451,Carilyn,Castiello,ccastielloci@themeforest.net,Female,222.107.187.233
452,Corette,Dunford,cdunfordcj@tinyurl.com,Female,200.55.203.225
453,Johnath,Harvatt,jharvattck@disqus.com,Genderqueer,225.98.25.74
454,Winnifred,Lebang,wlebangcl@gizmodo.com,Female,139.81.3.93
455,Gothart,Carwardine,gcarwardinecm@creativecommons.org,Male,188.160.165.109
456,Meris,Bevir,mbevircn@amazonaws.com,Female,58.219.133.248
457,Walliw,Christian,wchristianco@yandex.ru,Female,96.241.70.184
458,Eda,Bigrigg,ebigriggcp@geocities.com,Female,224.254.165.55
459,Luelle,MacKeogh,lmackeoghcq@ox.ac.uk,Female,175.196.55.245
460,Rosanna,Courtenay,rcourtenaycr@google.it,Female,179.109.29.97
461,Cissy,Feldmesser,cfeldmessercs@timesonline.co.uk,Female,86.85.174.11
462,Brent,Thurley,bthurleyct@about.me,Male,241.104.165.14
463,Jamil,Antonsen,jantonsencu@fc2.com,Male,26.121.137.116
464,Aurea,Jura,ajuracv@cnbc.com,Bigender,140.158.230.9
465,Brady,Pocklington,bpocklingtoncw@blinklist.com,Non-binary,173.65.53.219
466,Laural,Swinfen,lswinfencx@soundcloud.com,Female,36.144.216.41
467,Austen,Bricket,abricketcy@edublogs.org,Male,182.192.31.34
468,Giraldo,Vogelein,gvogeleincz@seesaa.net,Genderfluid,83.240.95.145
469,Butch,Chilcott,bchilcottd0@vkontakte.ru,Male,207.177.73.90
470,Tomasine,Morad,tmoradd1@cyberchimps.com,Agender,103.25.2.149
471,Blithe,Albin,balbind2@istockphoto.com,Female,192.234.201.240
472,Zebulon,Danilyuk,zdanilyukd3@dyndns.org,Male,229.170.153.138
473,Gerry,Calyton,gcalytond4@yahoo.co.jp,Female,70.29.166.240
474,Bronson,Popeley,bpopeleyd5@163.com,Male,78.6.169.93
475,Vonnie,Smeeton,vsmeetond6@businessinsider.com,Female,215.88.237.186
476,Kalila,Crowche,kcrowched7@seesaa.net,Female,149.106.201.127
477,Charley,Oakes,coakesd8@yellowbook.com,Male,113.49.78.13
478,Cobbie,McTrustram,cmctrustramd9@51.la,Male,245.112.178.240
479,Spike,Hewson,shewsonda@linkedin.com,Polygender,36.143.50.236
480,Andriette,Longstaff,alongstaffdb@360.cn,Female,119.161.18.46
481,Dorey,Norvell,dnorvelldc@xrea.com,Female,14.189.29.29
482,Gibbie,Dymock,gdymockdd@yellowpages.com,Male,154.199.120.223
483,Skippy,Riggert,sriggertde@marriott.com,Male,161.30.60.113
484,Thorn,Davidek,tdavidekdf@about.me,Male,49.226.36.138
485,Filip,Camel,fcameldg@pen.io,Male,136.148.113.213
486,Tootsie,Snadden,tsnaddendh@example.com,Female,189.218.133.246
487,Gunilla,Olifaunt,golifauntdi@huffingtonpost.com,Female,4.10.203.43
488,Leonid,Catanheira,lcatanheiradj@ask.com,Male,178.158.81.33
489,Sofia,Petrishchev,spetrishchevdk@weibo.com,Female,78.141.171.189
490,Karly,Ickowics,kickowicsdl@yellowpages.com,Female,206.178.234.174
491,Rebekkah,Errey,rerreydm@adobe.com,Female,204.255.32.136
492,Mohammed,Pagden,mpagdendn@ning.com,Male,151.8.180.33
493,Robbin,Master,rmasterdo@craigslist.org,Female,83.48.156.189
494,Glenine,Goodall,ggoodalldp@bloomberg.com,Female,187.70.156.46
495,Alon,Robey,arobeydq@discuz.net,Male,143.173.70.229
496,Rutter,Devoy,rdevoydr@webmd.com,Male,182.84.178.18
497,Brodie,Innerstone,binnerstoneds@wisc.edu,Male,57.83.206.8
498,Keenan,Blum,kblumdt@narod.ru,Male,184.149.233.86
499,Clayborn,Reynish,creynishdu@example.com,Male,186.119.126.195
500,Jillayne,Caddan,jcaddandv@psu.edu,Female,185.108.25.4
501,Lynn,Callister,lcallisterdw@howstuffworks.com,Female,147.87.153.221
502,Suzanna,Taillard,staillarddx@icio.us,Female,11.149.94.49
503,Padraic,Grishankov,pgrishankovdy@alibaba.com,Male,17.127.48.44
504,Thorn,Lipman,tlipmandz@webnode.com,Male,151.132.118.169
505,Yankee,Matthias,ymatthiase0@amazon.co.uk,Non-binary,236.51.21.215
506,Gideon,Peddar,gpeddare1@theglobeandmail.com,Male,103.30.119.5
507,Paddie,Sharratt,psharratte2@facebook.com,Polygender,145.218.171.176
508,Perri,Marran,pmarrane3@drupal.org,Female,29.56.71.5
509,Harley,Sibbs,hsibbse4@lycos.com,Female,143.254.202.7
510,Algernon,De Giovanni,adegiovannie5@google.de,Male,241.170.90.98
511,Lanny,Tolland,ltollande6@tmall.com,Male,109.240.161.242
512,Gratiana,Aldwinckle,galdwincklee7@umich.edu,Genderfluid,133.59.197.78
513,Erna,Tesseyman,etesseymane8@ocn.ne.jp,Female,131.145.200.139
514,Celinka,Gherardi,cgherardie9@seesaa.net,Female,198.129.63.117
515,Kendricks,Cull,kcullea@squidoo.com,Male,242.121.144.74
516,Eduino,Hearne,ehearneeb@trellian.com,Male,52.228.140.241
517,Barnabas,Warrier,bwarrierec@marriott.com,Male,43.194.74.149
518,Sari,Westall,swestalled@ifeng.com,Female,165.167.110.42
519,Tandy,Kaser,tkaseree@e-recht24.de,Bigender,66.48.176.152
520,Meaghan,Loveland,mlovelandef@walmart.com,Female,5.146.148.68
521,Reine,Kivell,rkivelleg@jigsy.com,Polygender,167.120.100.49
522,Blinnie,De Zuani,bdezuanieh@etsy.com,Female,121.83.250.132
523,Melli,Slide,mslideei@who.int,Female,203.198.108.185
524,Foss,Turri,fturriej@google.de,Male,86.209.102.8
525,Cecilio,Trahmel,ctrahmelek@sfgate.com,Male,122.35.0.107
526,Ivan,Kupke,ikupkeel@elpais.com,Male,245.218.97.247
527,Caryl,Mor,cmorem@icio.us,Female,168.214.191.118
528,Debbie,Flade,dfladeen@army.mil,Female,137.234.239.241
529,Carmel,Cranna,ccrannaeo@sitemeter.com,Female,224.128.158.143
530,Kevin,Verry,kverryep@shinystat.com,Male,194.1.238.81
531,Ruthe,Gash,rgasheq@free.fr,Female,73.128.151.63
532,Noach,Gludor,ngludorer@cbslocal.com,Bigender,251.18.141.23
533,Aindrea,Mynett,amynettes@shop-pro.jp,Female,188.148.102.149
534,Sianna,Paty,spatyet@amazon.com,Female,56.152.116.31
535,Chevy,Millimoe,cmillimoeeu@utexas.edu,Bigender,12.249.215.221
536,Hunter,Pantlin,hpantlinev@linkedin.com,Male,228.88.180.18
537,Wes,Gooderridge,wgooderridgeew@networkadvertising.org,Male,254.121.239.235
538,Harold,Pellatt,hpellattex@addtoany.com,Male,41.16.172.174
539,Tamara,Wingfield,twingfieldey@nationalgeographic.com,Female,193.79.93.165
540,Etty,Stannering,estanneringez@ycombinator.com,Female,213.176.96.213
541,Yancy,Classen,yclassenf0@vimeo.com,Male,234.178.222.111
542,Consuela,Velasquez,cvelasquezf1@privacy.gov.au,Bigender,59.192.217.62
543,Timothea,McGaugey,tmcgaugeyf2@webnode.com,Female,253.86.142.121
544,Benni,Kleanthous,bkleanthousf3@google.nl,Female,77.104.144.118
545,Gusti,Grint,ggrintf4@apache.org,Female,181.6.125.10
546,Charita,Sollis,csollisf5@state.gov,Female,199.214.59.88
547,Noella,Vanyarkin,nvanyarkinf6@cbsnews.com,Female,140.14.207.205
548,Isidro,Lahy,ilahyf7@walmart.com,Male,145.70.128.54
549,Waite,Lynch,wlynchf8@comsenz.com,Male,112.154.221.58
550,Elene,Ledeker,eledekerf9@nps.gov,Female,133.48.177.127
551,Darren,Sodor,dsodorfa@princeton.edu,Male,155.48.53.8
552,Saundra,Nears,snearsfb@twitter.com,Genderqueer,235.12.95.227
553,Zena,Lanning,zlanningfc@loc.gov,Female,166.84.175.175
554,Frank,Malenfant,fmalenfantfd@barnesandnoble.com,Female,11.148.21.132
555,Heloise,Maybey,hmaybeyfe@dyndns.org,Female,145.41.41.195
556,Regen,McDowall,rmcdowallff@si.edu,Male,9.94.177.153
557,Allis,Mitchenson,amitchensonfg@nymag.com,Female,124.235.21.167
558,Celestyna,Tuff,ctufffh@businessweek.com,Female,217.104.118.109
559,Cyrus,Petrashov,cpetrashovfi@usa.gov,Male,24.82.217.46
560,Leeland,Cossam,lcossamfj@washington.edu,Male,76.251.103.28
561,Nalani,Gregson,ngregsonfk@youtube.com,Female,246.234.25.117
562,Korney,Isitt,kisittfl@icio.us,Female,108.79.171.231
563,Essie,Croneen,ecroneenfm@linkedin.com,Female,90.53.32.13
564,Lyle,Adamsen,ladamsenfn@dion.ne.jp,Male,131.99.66.238
565,Karina,Passby,kpassbyfo@dedecms.com,Female,221.95.213.229
566,Wood,Regenhardt,wregenhardtfp@acquirethisname.com,Male,201.137.37.142
567,Kiah,Bohling,kbohlingfq@netvibes.com,Genderqueer,167.121.146.62
568,Fidelity,Whatman,fwhatmanfr@webmd.com,Female,58.114.167.118
569,Axe,Leversuch,aleversuchfs@bloomberg.com,Male,218.124.144.59
570,Robyn,Peddar,rpeddarft@skyrock.com,Female,162.81.188.142
571,Josselyn,Karpe,jkarpefu@tumblr.com,Female,179.180.115.160
572,Fern,Trank,ftrankfv@fotki.com,Female,49.76.156.132
573,Loleta,Andrivel,landrivelfw@biblegateway.com,Female,156.40.69.109
574,Madalena,Murden,mmurdenfx@infoseek.co.jp,Female,211.213.179.160
575,Janifer,Hynam,jhynamfy@nationalgeographic.com,Female,134.119.27.9
576,Opalina,Fibbens,ofibbensfz@geocities.com,Genderfluid,40.91.122.0
577,Binky,Ewbach,bewbachg0@uol.com.br,Male,77.182.225.5
578,Kilian,Codi,kcodig1@chron.com,Male,223.151.118.39
579,Sara-ann,Oram,soramg2@networksolutions.com,Female,9.73.212.251
580,Jeane,Ayto,jaytog3@umich.edu,Female,82.216.128.118
581,Dalton,Jamrowicz,djamrowiczg4@spotify.com,Male,110.243.173.58
582,Ricoriki,Monni,rmonnig5@spiegel.de,Male,108.44.115.78
583,Alexina,Adolf,aadolfg6@taobao.com,Female,213.75.109.101
584,Emmerich,Jeness,ejenessg7@sitemeter.com,Male,20.55.33.69
585,Casi,Blakden,cblakdeng8@so-net.ne.jp,Female,99.80.178.144
586,Katalin,Dowding,kdowdingg9@twitpic.com,Female,253.143.199.131
587,Kit,Margery,kmargeryga@infoseek.co.jp,Male,78.113.49.112
588,Orville,Kleewein,okleeweingb@delicious.com,Male,121.17.67.149
589,Emanuele,Jirsa,ejirsagc@weather.com,Male,74.229.3.125
590,Ianthe,Chopy,ichopygd@hud.gov,Female,211.232.6.153
591,Clementia,Cockson,ccocksonge@devhub.com,Female,122.104.64.100
592,Fabe,Briton,fbritongf@java.com,Male,204.143.148.146
593,Odelia,Hardesty,ohardestygg@seattletimes.com,Female,113.59.167.205
594,Lorry,Leonardi,lleonardigh@digg.com,Male,167.31.87.223
595,Barrie,Garrud,bgarrudgi@liveinternet.ru,Female,188.68.51.189
596,Frederich,Vears,fvearsgj@vkontakte.ru,Male,116.76.249.157
597,Warner,Geerdts,wgeerdtsgk@smugmug.com,Male,77.242.19.91
598,Carlen,Barrasse,cbarrassegl@google.pl,Female,71.191.187.155
599,Jed,Morpeth,jmorpethgm@godaddy.com,Male,157.255.184.46
600,Sisely,Wall,swallgn@ifeng.com,Female,80.255.52.141
601,Bartolomeo,Barok,bbarokgo@mit.edu,Male,40.196.135.4
602,Zarla,Castagnet,zcastagnetgp@symantec.com,Female,249.171.45.216
603,Tabbitha,Staten,tstatengq@spiegel.de,Bigender,229.69.194.74
604,Bevon,Fannin,bfanningr@vk.com,Male,85.48.25.75
605,Tommie,Roskams,troskamsgs@wisc.edu,Polygender,148.8.7.196
606,Tomaso,Nayer,tnayergt@google.nl,Male,201.179.56.193
607,Alexine,Glidden,agliddengu@newyorker.com,Female,50.165.179.225
608,Agnesse,Kaming,akaminggv@vk.com,Female,149.118.77.69
609,Berty,Fells,bfellsgw@usnews.com,Male,71.116.229.97
610,Denni,Devitt,ddevittgx@comcast.net,Female,97.170.168.3
611,Calida,Lujan,clujangy@state.gov,Female,167.115.235.26
612,Lisabeth,Leete,lleetegz@unc.edu,Female,105.11.154.139
613,Gena,Birnie,gbirnieh0@gnu.org,Female,241.242.55.177
614,Bertie,Poschel,bposchelh1@hibu.com,Male,81.17.76.73
615,Flor,Byfford,fbyffordh2@japanpost.jp,Female,45.69.238.168
616,Ryann,Gent,rgenth3@skype.com,Female,95.22.20.179
617,Carroll,Gutowski,cgutowskih4@webmd.com,Male,86.170.103.162
618,Dory,Gingold,dgingoldh5@tuttocitta.it,Female,79.54.3.168
619,Ella,Chardin,echardinh6@cbc.ca,Female,138.184.15.221
620,Angelique,Smardon,asmardonh7@google.co.uk,Female,65.172.173.242
621,Lin,Hanselman,lhanselmanh8@hibu.com,Female,226.139.231.219
622,Mechelle,Bridgett,mbridgetth9@freewebs.com,Female,61.249.46.85
623,Cosmo,Irvin,cirvinha@dyndns.org,Male,231.37.55.5
624,Amber,Verissimo,averissimohb@shutterfly.com,Female,87.219.127.8
625,Dolly,Scarisbrick,dscarisbrickhc@theglobeandmail.com,Female,23.112.215.175
626,Penn,Fenning,pfenninghd@google.de,Male,226.81.30.71
627,Gonzalo,Dechelette,gdechelettehe@ocn.ne.jp,Male,68.28.48.171
628,Dunc,Schoffel,dschoffelhf@parallels.com,Bigender,241.204.177.46
629,Kendre,Batthew,kbatthewhg@gov.uk,Agender,146.46.216.238
630,Sigvard,Warke,swarkehh@wisc.edu,Male,127.217.180.120
631,See,Dennington,sdenningtonhi@odnoklassniki.ru,Male,104.224.2.16
632,Urbanus,Simeone,usimeonehj@addtoany.com,Male,144.136.230.122
633,Jenilee,Rowan,jrowanhk@elegantthemes.com,Genderfluid,89.108.87.209
634,Ivan,Dacres,idacreshl@nature.com,Male,7.158.69.211
635,Rube,Madelin,rmadelinhm@printfriendly.com,Male,150.95.182.20
636,Lindsey,Portail,lportailhn@harvard.edu,Male,204.116.200.56
637,Roxane,Mephan,rmephanho@miibeian.gov.cn,Non-binary,194.167.150.30
638,Etta,Cregin,ecreginhp@epa.gov,Female,253.54.27.106
639,Neron,Marden,nmardenhq@bloomberg.com,Male,220.156.68.114
640,Arnaldo,Lanney,alanneyhr@blogtalkradio.com,Male,195.74.38.4
641,Brittne,Tellesson,btellessonhs@theglobeandmail.com,Female,77.253.192.166
642,Derick,Vasilic,dvasilicht@vistaprint.com,Male,165.237.220.198
643,Katrinka,Brigham,kbrighamhu@bluehost.com,Polygender,206.221.168.131
644,Marge,Rodd,mroddhv@ucla.edu,Female,30.90.100.162
645,Dallon,Ormes,dormeshw@virginia.edu,Male,128.50.92.31
646,Ashia,Harle,aharlehx@si.edu,Female,90.62.98.148
647,Jessee,Tomich,jtomichhy@sphinn.com,Male,22.200.144.157
648,Cozmo,Hellyer,chellyerhz@japanpost.jp,Male,52.116.187.97
649,Corney,Skinner,cskinneri0@slideshare.net,Male,71.238.244.210
650,Burch,O'Currine,bocurrinei1@theglobeandmail.com,Male,64.56.165.162
651,Tiena,Water,twateri2@bravesites.com,Female,99.9.229.38
652,Ursola,Cay,ucayi3@yelp.com,Female,110.143.225.218
653,Pearce,Royle,proylei4@gmpg.org,Male,96.108.14.244
654,Consuelo,Galea,cgaleai5@ucoz.com,Female,161.194.23.239
655,Arabela,Liepins,aliepinsi6@ed.gov,Bigender,130.149.164.153
656,Wilone,Tollerton,wtollertoni7@google.com.au,Female,198.155.202.207
657,Joelle,Unger,jungeri8@squidoo.com,Female,0.67.225.1
658,Parker,Jinda,pjindai9@oracle.com,Male,225.24.185.194
659,Kristel,Cayton,kcaytonia@accuweather.com,Non-binary,234.201.246.250
660,Andris,Trenaman,atrenamanib@tamu.edu,Male,156.108.255.74
661,Magdaia,Kaes,mkaesic@oaic.gov.au,Female,19.235.134.171
662,Merralee,Pitkin,mpitkinid@booking.com,Female,120.153.209.85
663,Norri,Marishenko,nmarishenkoie@mtv.com,Female,107.184.205.202
664,Peirce,Le Conte,pleconteif@ocn.ne.jp,Male,217.198.194.166
665,Lurlene,Pervew,lpervewig@bandcamp.com,Female,52.198.41.48
666,Russell,Karel,rkarelih@telegraph.co.uk,Male,5.171.199.10
667,Felicle,Ousby,fousbyii@answers.com,Female,212.202.107.35
668,Felita,Corrao,fcorraoij@elegantthemes.com,Female,45.242.120.205
669,Tiff,Lund,tlundik@sun.com,Female,22.6.106.239
670,Dionisio,Swindon,dswindonil@weebly.com,Male,180.247.64.27
671,Geordie,Scrimshaw,gscrimshawim@google.co.uk,Male,104.121.43.239
672,Hashim,Girt,hgirtin@archive.org,Male,242.202.134.74
673,Corty,Chantrell,cchantrellio@uiuc.edu,Male,83.58.39.160
674,Reginald,Biskupek,rbiskupekip@rediff.com,Male,91.253.10.29
675,Isidoro,Winspear,iwinspeariq@ustream.tv,Male,85.171.36.251
676,Pauli,Najera,pnajerair@statcounter.com,Female,191.242.27.167
677,Skell,Crone,scroneis@answers.com,Male,57.144.123.50
678,Brion,Jahn,bjahnit@wiley.com,Male,64.12.13.127
679,Judye,Walton,jwaltoniu@merriam-webster.com,Female,137.31.103.211
680,Birdie,Steaning,bsteaningiv@indiegogo.com,Female,226.242.135.192
681,Sapphira,Legon,slegoniw@theguardian.com,Female,200.78.135.212
682,Holt,Mechem,hmechemix@bloglines.com,Male,102.81.31.215
683,Melva,Goggin,mgogginiy@va.gov,Female,192.77.79.189
684,Cointon,MacGoun,cmacgouniz@w3.org,Male,29.166.210.56
685,Vevay,Birkmyr,vbirkmyrj0@nationalgeographic.com,Genderfluid,152.217.101.76
686,Sephira,Taberner,stabernerj1@4shared.com,Female,215.128.194.200
687,Archy,Lamort,alamortj2@ox.ac.uk,Male,138.245.228.77
688,Cassandry,Dunkinson,cdunkinsonj3@webmd.com,Female,147.110.169.116
689,Clemmy,Yantsurev,cyantsurevj4@dailymail.co.uk,Female,66.216.170.73
690,Renaud,Keems,rkeemsj5@slashdot.org,Male,141.209.28.72
691,Glen,Felipe,gfelipej6@hubpages.com,Male,238.18.110.44
692,Vale,Wooster,vwoosterj7@gov.uk,Female,212.217.126.253
693,Frankie,Cranage,fcranagej8@bandcamp.com,Genderqueer,106.26.34.35
694,Estevan,Trunkfield,etrunkfieldj9@oakley.com,Male,41.95.20.154
695,Morgan,Harte,mharteja@disqus.com,Male,146.156.60.32
696,Marti,Anetts,manettsjb@multiply.com,Female,205.58.184.254
697,Shelby,Anscombe,sanscombejc@biglobe.ne.jp,Female,162.53.40.187
698,Mikaela,Aubray,maubrayjd@live.com,Female,11.220.38.19
699,Bartie,Hyndes,bhyndesje@chicagotribune.com,Male,106.147.141.161
700,Nonnah,Shellibeer,nshellibeerjf@ow.ly,Female,90.240.240.122
701,Hayyim,Smy,hsmyjg@imdb.com,Male,20.51.139.155
702,Addi,McGilroy,amcgilroyjh@oaic.gov.au,Female,71.111.84.203
703,Georgeanna,Shird,gshirdji@google.co.jp,Female,182.130.205.8
704,Chicky,Buyers,cbuyersjj@ucsd.edu,Male,115.204.214.179
705,Glynda,Sperring,gsperringjk@godaddy.com,Female,197.155.213.21
706,Prudi,Gabbotts,pgabbottsjl@hc360.com,Female,100.77.189.118
707,Toddy,Bachelor,tbachelorjm@cpanel.net,Male,99.195.16.50
708,Darlene,Ickowicz,dickowiczjn@a8.net,Female,55.142.255.110
709,Hilary,Radwell,hradwelljo@shutterfly.com,Male,112.55.131.67
710,Wrennie,Cottingham,wcottinghamjp@exblog.jp,Female,184.138.82.23
711,Juliane,Dundon,jdundonjq@java.com,Female,33.73.202.136
712,Zonda,Chandler,zchandlerjr@bravesites.com,Female,56.54.31.242
713,Michele,Lyddyard,mlyddyardjs@hibu.com,Male,29.235.121.162
714,Becka,Beckmann,bbeckmannjt@reverbnation.com,Female,183.185.241.100
715,Urbano,Espinos,uespinosju@loc.gov,Bigender,140.217.97.180
716,Bearnard,Nuzzti,bnuzztijv@paginegialle.it,Male,0.225.58.214
717,Fredric,Culross,fculrossjw@nhs.uk,Male,20.231.14.105
718,Fifine,Cuddon,fcuddonjx@slideshare.net,Female,132.46.73.203
719,Nikolas,Hackin,nhackinjy@wikispaces.com,Male,94.83.190.151
720,Leda,Bredes,lbredesjz@gmpg.org,Female,170.54.204.223
721,Mara,Franklin,mfranklink0@nifty.com,Female,67.159.57.227
722,Reece,Bowdler,rbowdlerk1@ebay.co.uk,Male,115.155.123.192
723,Gibbie,Berk,gberkk2@icq.com,Male,197.43.228.248
724,Vic,Alker,valkerk3@github.com,Male,250.188.132.55
725,Jamie,Wilkisson,jwilkissonk4@opera.com,Male,203.34.68.224
726,Eda,Ruddiforth,eruddiforthk5@live.com,Female,130.157.3.24
727,Arthur,Danjoie,adanjoiek6@github.io,Male,38.171.26.63
728,Andras,Boreland,aborelandk7@canalblog.com,Male,217.54.254.10
729,Reinaldo,Petruskevich,rpetruskevichk8@linkedin.com,Male,141.200.84.130
730,Artur,Hylden,ahyldenk9@indiatimes.com,Male,48.215.159.48
731,Gaylor,Wheowall,gwheowallka@plala.or.jp,Male,59.220.90.182
732,Olly,Ogilby,oogilbykb@geocities.jp,Female,231.15.1.180
733,Rodrique,Load,rloadkc@livejournal.com,Male,0.64.172.160
734,Frannie,Gobert,fgobertkd@tmall.com,Male,162.245.139.50
735,Clay,Girton,cgirtonke@cam.ac.uk,Male,74.226.52.252
736,Nicolai,Moorwood,nmoorwoodkf@instagram.com,Male,158.25.121.191
737,Giff,Bumpass,gbumpasskg@dyndns.org,Non-binary,182.222.231.156
738,Babita,Batiste,bbatistekh@amazon.com,Female,30.87.179.173
739,Evelyn,Balmann,ebalmannki@jiathis.com,Female,141.164.168.49
740,Marcelline,Burgot,mburgotkj@pcworld.com,Bigender,175.255.199.164
741,Briant,Arkle,barklekk@cbsnews.com,Male,32.35.113.210
742,Freeman,Rosenblum,frosenblumkl@cnbc.com,Male,133.101.227.226
743,Nickolas,Victoria,nvictoriakm@lulu.com,Male,13.215.72.29
744,Carlie,Forshaw,cforshawkn@jigsy.com,Female,131.17.171.213
745,Ilka,Filippazzo,ifilippazzoko@unesco.org,Female,86.116.159.44
746,Bastian,Rainon,brainonkp@army.mil,Male,93.216.126.49
747,Wyn,Bernetti,wbernettikq@oracle.com,Male,245.159.190.74
748,Joaquin,Stuer,jstuerkr@unblog.fr,Male,206.210.14.116
749,Angel,Merfin,amerfinks@psu.edu,Genderqueer,78.129.36.229
750,Elisha,Crut,ecrutkt@oakley.com,Male,224.233.133.29
751,Isacco,Wintersgill,iwintersgillku@tamu.edu,Male,147.172.67.210
752,Sayre,Logsdail,slogsdailkv@bing.com,Agender,49.118.72.157
753,Cesya,Pessold,cpessoldkw@networkadvertising.org,Female,248.94.202.240
754,Helsa,McGettrick,hmcgettrickkx@marriott.com,Female,228.198.178.166
755,Ainsley,Hance,ahanceky@rediff.com,Female,30.30.187.12
756,Lurlene,Robberts,lrobbertskz@ehow.com,Female,170.117.250.232
757,Abeu,Sanches,asanchesl0@vkontakte.ru,Male,56.30.170.61
758,Isadora,Birkhead,ibirkheadl1@elegantthemes.com,Genderfluid,56.87.6.9
759,Jedediah,Casham,jcashaml2@dagondesign.com,Male,113.70.124.40
760,Gonzalo,Lipyeat,glipyeatl3@slate.com,Male,209.253.159.3
761,Othella,McGiffin,omcgiffinl4@adobe.com,Female,244.189.215.32
762,Israel,Jedrasik,ijedrasikl5@elpais.com,Male,251.126.111.155
763,Nicolais,Challinor,nchallinorl6@flickr.com,Male,43.66.6.218
764,Keenan,Challiner,kchallinerl7@free.fr,Male,130.161.38.58
765,Korrie,Manvelle,kmanvellel8@whitehouse.gov,Female,49.0.114.102
766,Adore,Gresty,agrestyl9@issuu.com,Female,40.214.223.234
767,Winne,Antonias,wantoniasla@parallels.com,Polygender,185.162.70.45
768,Gottfried,Currey,gcurreylb@thetimes.co.uk,Male,242.0.72.83
769,Frants,Wignall,fwignalllc@ftc.gov,Male,128.200.76.19
770,Rebecca,Biford,rbifordld@boston.com,Female,191.103.106.67
771,Duane,Mothersdale,dmothersdalele@theguardian.com,Male,44.14.87.58
772,Anderson,Carnegie,acarnegielf@barnesandnoble.com,Male,94.142.172.127
773,Joaquin,Hunston,jhunstonlg@networkadvertising.org,Male,118.39.146.8
774,Marylynne,Benoi,mbenoilh@elegantthemes.com,Female,9.164.96.102
775,Sarah,Malam,smalamli@de.vu,Female,133.24.250.129
776,Hedvig,McEachern,hmceachernlj@ovh.net,Female,223.208.8.35
777,Tomasina,Pengilly,tpengillylk@opera.com,Female,140.232.169.151
778,Vick,Kearney,vkearneyll@sitemeter.com,Male,233.163.180.159
779,Webb,Whalley,wwhalleylm@google.nl,Male,158.67.49.42
780,Esra,Bartosik,ebartosikln@ox.ac.uk,Non-binary,162.94.49.215
781,Tammi,Woloschin,twoloschinlo@domainmarket.com,Female,185.78.49.98
782,Loy,Zapatero,lzapaterolp@npr.org,Male,210.6.8.123
783,Ariela,Montel,amontellq@ustream.tv,Female,52.254.232.190
784,Felisha,Yoell,fyoelllr@noaa.gov,Female,16.60.222.4
785,Vachel,Commusso,vcommussols@unesco.org,Male,70.183.154.206
786,Jacintha,Martell,jmartelllt@webnode.com,Female,158.206.73.181
787,Carine,Greswell,cgreswelllu@fda.gov,Female,75.53.2.81
788,Charmaine,Peplow,cpeplowlv@redcross.org,Female,207.172.102.84
789,Oneida,Barabich,obarabichlw@t-online.de,Female,247.23.174.128
790,Josi,Cunningham,jcunninghamlx@photobucket.com,Female,164.219.20.92
791,Derrek,Stonner,dstonnerly@loc.gov,Male,249.37.133.167
792,Bill,Fredi,bfredilz@sohu.com,Male,144.53.18.186
793,Fawnia,Jacke,fjackem0@hc360.com,Female,123.132.24.149
794,Farica,Pooley,fpooleym1@rediff.com,Female,213.130.243.146
795,Hebert,Harwin,hharwinm2@ucsd.edu,Non-binary,168.141.147.237
796,Nevin,Cossum,ncossumm3@craigslist.org,Male,140.71.34.184
797,Gretel,Mathwin,gmathwinm4@vimeo.com,Female,12.255.123.93
798,Hillie,Carus,hcarusm5@usgs.gov,Male,68.62.224.56
799,Nerti,McGilvray,nmcgilvraym6@newyorker.com,Female,136.175.56.225
800,Marylin,Heskin,mheskinm7@go.com,Female,66.181.129.103
801,Bessie,Menci,bmencim8@google.cn,Agender,100.54.253.169
802,Joete,Langsbury,jlangsburym9@delicious.com,Polygender,77.181.190.1
803,Catherine,Hutchcraft,chutchcraftma@reddit.com,Female,204.248.199.197
804,Kiel,Chatan,kchatanmb@seesaa.net,Male,34.81.93.240
805,Cinnamon,McShirrie,cmcshirriemc@reddit.com,Genderqueer,226.80.20.248
806,Isaiah,Wescott,iwescottmd@google.com,Male,113.2.191.228
807,Lockwood,Feighry,lfeighryme@cbc.ca,Male,233.204.163.203
808,Silvio,Chestle,schestlemf@friendfeed.com,Genderqueer,78.111.79.71
809,Dulcia,Tasker,dtaskermg@virginia.edu,Female,23.90.245.252
810,Millisent,Jewel,mjewelmh@prlog.org,Female,233.165.194.114
811,Celestina,Stoaks,cstoaksmi@reddit.com,Female,214.152.11.176
812,Norah,Comport,ncomportmj@jiathis.com,Female,61.206.19.79
813,Quintus,Sprigging,qspriggingmk@howstuffworks.com,Male,98.121.244.8
814,Elka,Rutley,erutleyml@blinklist.com,Female,96.36.88.141
815,Ozzy,Mathelin,omathelinmm@admin.ch,Male,77.189.87.218
816,Hubey,Ivell,hivellmn@imageshack.us,Male,159.176.249.150
817,Lucky,Brosius,lbrosiusmo@nature.com,Female,254.149.87.3
818,Damiano,Brosnan,dbrosnanmp@networksolutions.com,Male,133.160.84.35
819,Marven,Dalyiel,mdalyielmq@cargocollective.com,Male,239.198.38.189
820,Kattie,Lyver,klyvermr@google.it,Female,118.117.32.210
821,Finley,Hodge,fhodgems@hp.com,Male,213.234.213.162
822,Geoffrey,Lunnon,glunnonmt@about.com,Male,154.58.168.29
823,George,Seid,gseidmu@cmu.edu,Female,170.132.40.109
824,Mohandas,Pitt,mpittmv@google.fr,Male,178.108.195.52
825,Bertrand,MacGille,bmacgillemw@ustream.tv,Male,152.161.47.7
826,Paulina,Fynan,pfynanmx@webnode.com,Bigender,21.224.253.196
827,Ave,Causey,acauseymy@whitehouse.gov,Male,117.39.210.87
828,Whittaker,Eamer,weamermz@fc2.com,Male,13.249.217.125
829,Angelita,Meake,ameaken0@eepurl.com,Female,62.187.217.118
830,Conrad,Doxsey,cdoxseyn1@nsw.gov.au,Male,151.233.30.75
831,Carmelita,Noury,cnouryn2@hostgator.com,Female,141.215.120.57
832,Tanny,Deacock,tdeacockn3@weebly.com,Male,147.247.254.126
833,Alexander,Daniellot,adaniellotn4@soup.io,Male,61.6.72.234
834,Benedetto,Kairns,bkairnsn5@umich.edu,Male,203.182.19.31
835,Ethelred,MacElharge,emacelhargen6@jiathis.com,Male,192.58.0.133
836,Hewe,Gillard,hgillardn7@w3.org,Male,21.19.95.106
837,Courtnay,Lochran,clochrann8@patch.com,Male,10.128.58.174
838,Ike,Karlmann,ikarlmannn9@joomla.org,Male,255.9.83.51
839,Martino,Gherardi,mgherardina@google.com,Male,18.243.73.172
840,Lorene,Fealy,lfealynb@liveinternet.ru,Female,181.233.158.179
841,Hank,Cicero,hciceronc@cyberchimps.com,Male,168.88.247.9
842,Hersch,Melanaphy,hmelanaphynd@addtoany.com,Male,94.10.155.244
843,Rachel,Grinstead,rgrinsteadne@about.me,Agender,210.242.143.121
844,Henderson,Gregh,hgreghnf@flavors.me,Male,253.42.246.133
845,Nydia,Clawsley,nclawsleyng@themeforest.net,Female,178.247.219.136
846,Mord,Scamp,mscampnh@google.de,Male,17.189.171.186
847,Jae,Moogan,jmooganni@prweb.com,Male,31.145.112.13
848,Richart,Vreede,rvreedenj@nsw.gov.au,Male,83.105.207.80
849,Ferdie,Banham,fbanhamnk@yandex.ru,Male,175.45.192.73
850,Ferdy,Abramovic,fabramovicnl@a8.net,Male,213.203.19.189
851,Una,Hutchins,uhutchinsnm@i2i.jp,Female,134.127.227.132
852,Nani,Houlridge,nhoulridgenn@usa.gov,Female,192.96.127.182
853,Carita,Lawful,clawfulno@newyorker.com,Genderqueer,244.165.44.85
854,Orran,Rosevear,orosevearnp@phoca.cz,Male,247.219.4.112
855,Deonne,Lunn,dlunnnq@ask.com,Female,168.91.70.146
856,Fons,Cockitt,fcockittnr@answers.com,Male,143.37.142.209
857,Maurise,Cruikshank,mcruikshankns@geocities.jp,Male,224.90.239.140
858,Verge,Dealtry,vdealtrynt@behance.net,Male,110.88.158.57
859,Cicily,Mandrier,cmandriernu@lycos.com,Female,244.36.74.196
860,Danya,Curzey,dcurzeynv@blogs.com,Female,77.12.255.183
861,Flin,Whitehurst,fwhitehurstnw@ca.gov,Male,33.76.38.162
862,Ilaire,Bostock,ibostocknx@arstechnica.com,Male,210.8.250.201
863,Dorene,Eglington,deglingtonny@bravesites.com,Female,122.93.194.128
864,Bobina,Jensen,bjensennz@histats.com,Female,143.95.174.145
865,Randi,Cross,rcrosso0@si.edu,Male,203.221.208.160
866,Jessalyn,Sharper,jsharpero1@newsvine.com,Bigender,71.223.175.109
867,Guinevere,Mortell,gmortello2@tinypic.com,Female,27.102.89.201
868,Bondon,Denman,bdenmano3@chronoengine.com,Male,112.202.21.25
869,Carmine,Holt,cholto4@imageshack.us,Male,39.31.114.138
870,Skipper,Kohn,skohno5@paginegialle.it,Male,148.117.120.144
871,Joseph,Baynard,jbaynardo6@squarespace.com,Male,30.123.58.189
872,Myrta,Taplin,mtaplino7@whitehouse.gov,Female,107.251.160.254
873,Larry,Cockley,lcockleyo8@chicagotribune.com,Male,52.175.236.246
874,Luisa,Matheson,lmathesono9@apache.org,Female,198.102.248.179
875,Nicolas,Dottrell,ndottrelloa@sakura.ne.jp,Male,98.33.177.95
876,Trudey,Harnell,tharnellob@hao123.com,Female,254.185.83.69
877,Olav,Krauss,okraussoc@comsenz.com,Male,209.159.132.229
878,Beilul,Friedlos,bfriedlosod@soup.io,Female,140.30.132.109
879,Barbara-anne,Humpherson,bhumphersonoe@squidoo.com,Female,208.201.98.113
880,Leigh,Blowing,lblowingof@cyberchimps.com,Male,155.234.172.91
881,Livvyy,Stockley,lstockleyog@japanpost.jp,Genderfluid,112.13.112.87
882,Corrie,Tebbut,ctebbutoh@4shared.com,Genderfluid,68.240.162.31
883,Dayle,Paulisch,dpaulischoi@slate.com,Female,209.12.95.134
884,Edgar,Laxon,elaxonoj@cbsnews.com,Male,166.48.108.211
885,Ware,Eilhart,weilhartok@mlb.com,Male,125.79.75.202
886,Martynne,Blabie,mblabieol@eepurl.com,Bigender,46.169.175.53
887,Gennie,Watson,gwatsonom@phpbb.com,Female,248.168.141.187
888,Xylia,Farlow,xfarlowon@geocities.jp,Female,239.118.46.206
889,Fidela,Eke,fekeoo@discuz.net,Female,207.150.133.251
890,Audrey,Dengate,adengateop@nationalgeographic.com,Female,223.85.222.218
891,Maurine,Lanbertoni,mlanbertonioq@mashable.com,Female,130.199.187.153
892,Elset,McSaul,emcsaulor@i2i.jp,Female,216.108.119.201
893,Cassi,Hazeldene,chazeldeneos@google.cn,Female,98.41.95.117
894,Augie,Seymour,aseymourot@narod.ru,Male,106.202.173.71
895,Lon,Woakes,lwoakesou@answers.com,Male,4.190.70.31
896,Kim,Sharples,ksharplesov@quantcast.com,Male,153.174.144.127
897,Aggy,Bowland,abowlandow@pagesperso-orange.fr,Female,140.191.158.171
898,Margette,Cantwell,mcantwellox@omniture.com,Female,61.141.103.208
899,Lari,Legh,lleghoy@mail.ru,Female,61.59.104.221
900,Gil,Portinari,gportinarioz@cocolog-nifty.com,Male,11.112.102.58
901,Gunilla,Ralls,grallsp0@so-net.ne.jp,Bigender,153.101.113.76
902,Angus,Tebbet,atebbetp1@google.com.br,Male,245.205.101.130
903,Doris,Josefsohn,djosefsohnp2@yelp.com,Female,119.236.127.146
904,Hugh,Leipnik,hleipnikp3@weather.com,Male,215.125.242.131
905,Thaddus,Gerrett,tgerrettp4@infoseek.co.jp,Male,17.234.54.3
906,Filmer,Pooke,fpookep5@google.pl,Male,155.47.186.120
907,Pablo,Dixson,pdixsonp6@godaddy.com,Male,244.143.47.167
908,Alisa,Humpherston,ahumpherstonp7@hugedomains.com,Female,78.229.253.92
909,Haley,Hoopper,hhoopperp8@fotki.com,Female,123.242.92.185
910,Georgi,Warrillow,gwarrillowp9@shop-pro.jp,Male,87.161.73.165
911,Emmett,Favell,efavellpa@moonfruit.com,Polygender,93.68.152.203
912,Maddy,Atto,mattopb@themeforest.net,Male,203.131.146.207
913,Cale,Braban,cbrabanpc@homestead.com,Male,84.226.126.149
914,Franklyn,Hallowell,fhallowellpd@dailymotion.com,Male,144.65.235.111
915,Chandra,McPhelimy,cmcphelimype@cnbc.com,Female,17.134.135.95
916,Zsa zsa,Gallaher,zgallaherpf@jigsy.com,Female,123.99.133.176
917,Elsa,Vasiltsov,evasiltsovpg@ezinearticles.com,Genderfluid,203.68.95.180
918,Clair,Franks,cfranksph@canalblog.com,Female,226.117.63.2
919,Jen,Basek,jbasekpi@bloglines.com,Female,125.223.193.47
920,Averil,Fickling,aficklingpj@cornell.edu,Female,74.129.57.64
921,Madelle,Pomfrey,mpomfreypk@soundcloud.com,Female,43.136.5.112
922,Pincus,Solleme,psollemepl@canalblog.com,Male,195.141.89.126
923,Birch,McQuode,bmcquodepm@surveymonkey.com,Male,55.163.22.252
924,Kimberley,De Cruze,kdecruzepn@list-manage.com,Female,184.123.119.80
925,Avictor,Lamp,alamppo@deviantart.com,Male,54.29.139.171
926,Marion,Kendrick,mkendrickpp@over-blog.com,Male,147.124.107.19
927,Bethany,Schmuhl,bschmuhlpq@stanford.edu,Female,92.141.220.72
928,Jourdan,Coupman,jcoupmanpr@e-recht24.de,Female,157.95.140.7
929,Ricky,Letchford,rletchfordps@acquirethisname.com,Female,37.229.150.195
930,Jenilee,Heers,jheerspt@opera.com,Female,92.1.185.63
931,Ashlan,Streatfeild,astreatfeildpu@quantcast.com,Female,214.193.88.66
932,Abbye,Lever,aleverpv@nationalgeographic.com,Non-binary,124.103.19.198
933,Isidore,Gadesby,igadesbypw@geocities.com,Male,243.9.130.177
934,Lorelei,Robbel,lrobbelpx@ycombinator.com,Genderfluid,57.229.186.3
935,Marna,Bewshire,mbewshirepy@pinterest.com,Female,17.183.36.53
936,Stephenie,Plant,splantpz@woothemes.com,Female,185.169.145.193
937,Linzy,Ephgrave,lephgraveq0@wordpress.com,Female,119.229.194.187
938,Joshua,Kollasch,jkollaschq1@multiply.com,Male,102.88.81.57
939,Iggie,Aubray,iaubrayq2@tinyurl.com,Male,152.11.77.67
940,Lazarus,Mara,lmaraq3@cloudflare.com,Male,34.100.206.118
941,Banky,Antonomolii,bantonomoliiq4@dagondesign.com,Agender,204.20.141.224
942,Kassandra,Vinecombe,kvinecombeq5@smh.com.au,Female,107.42.225.48
943,Andriana,Moreman,amoremanq6@miitbeian.gov.cn,Female,13.69.143.247
944,Rafaelia,Sandys,rsandysq7@hatena.ne.jp,Female,55.150.252.248
945,Wyn,Stiant,wstiantq8@netscape.com,Male,19.95.204.168
946,Adlai,McMeeking,amcmeekingq9@cdc.gov,Male,161.175.160.172
947,Jozef,Bearcroft,jbearcroftqa@baidu.com,Male,244.138.131.4
948,Trescha,Foote,tfooteqb@home.pl,Polygender,144.163.129.15
949,Karleen,Shaddick,kshaddickqc@tripod.com,Female,250.118.227.110
950,Glynis,Bloxsum,gbloxsumqd@adobe.com,Female,112.170.153.77
951,Barth,Elnough,belnoughqe@mapquest.com,Male,39.126.88.222
952,Clem,Quakley,cquakleyqf@elegantthemes.com,Polygender,236.11.136.140
953,Beltran,Snow,bsnowqg@addthis.com,Male,27.45.67.55
954,Ola,Scotford,oscotfordqh@biblegateway.com,Female,177.172.245.206
955,Sheelah,Billison,sbillisonqi@craigslist.org,Female,91.134.34.197
956,Harp,Vickerstaff,hvickerstaffqj@skype.com,Male,27.142.156.132
957,Devora,Gecke,dgeckeqk@taobao.com,Female,242.87.82.52
958,Gertrudis,Edeson,gedesonql@hibu.com,Female,222.36.199.155
959,Andriette,Rattenberie,arattenberieqm@ebay.com,Female,249.131.100.225
960,Claudine,Henderson,chendersonqn@wunderground.com,Female,229.145.87.104
961,Ibrahim,Shevell,ishevellqo@wordpress.org,Male,127.131.93.196
962,Selinda,Duncan,sduncanqp@abc.net.au,Female,188.12.80.160
963,Candi,Gallatly,cgallatlyqq@elpais.com,Female,73.62.217.248
964,Caesar,Shildrake,cshildrakeqr@si.edu,Male,129.30.102.106
965,Nicholas,Deeney,ndeeneyqs@reddit.com,Male,44.78.43.87
966,Sharia,Spellicy,sspellicyqt@printfriendly.com,Female,81.137.181.46
967,Rebecca,Limpricht,rlimprichtqu@nasa.gov,Female,228.36.35.151
968,Shelby,Jendrys,sjendrysqv@washington.edu,Female,164.74.208.227
969,Erich,Mardling,emardlingqw@pcworld.com,Male,201.0.254.238
970,Shaylah,Nussey,snusseyqx@gov.uk,Female,223.122.241.97
971,Aurea,Deighton,adeightonqy@gnu.org,Female,32.234.118.229
972,Saba,Dunseith,sdunseithqz@joomla.org,Female,60.212.155.128
973,Arliene,Hubbold,ahubboldr0@ihg.com,Polygender,190.186.13.65
974,Price,Gouldstone,pgouldstoner1@guardian.co.uk,Male,206.78.238.116
975,Arnie,Tomczynski,atomczynskir2@dailymail.co.uk,Male,230.44.21.56
976,Gabbie,Ullyatt,gullyattr3@jiathis.com,Female,149.105.171.218
977,Doy,Powley,dpowleyr4@alexa.com,Male,59.17.197.229
978,Yvonne,Kornalik,ykornalikr5@loc.gov,Female,143.36.117.188
979,Jody,McMeeking,jmcmeekingr6@bizjournals.com,Female,14.120.130.80
980,Ringo,Scholes,rscholesr7@nyu.edu,Male,213.139.14.46
981,Rochette,Trow,rtrowr8@surveymonkey.com,Female,47.141.74.74
982,Rudy,Hamblyn,rhamblynr9@accuweather.com,Male,235.196.40.159
983,Pren,Lyte,plytera@google.com.hk,Male,113.235.49.226
984,Taite,Dohmer,tdohmerrb@pen.io,Agender,119.159.112.137
985,Fonzie,Money,fmoneyrc@mail.ru,Male,252.220.71.1
986,Eben,Borell,eborellrd@parallels.com,Genderfluid,73.107.49.89
987,Francis,Galland,fgallandre@samsung.com,Male,152.54.30.225
988,Renae,Penman,rpenmanrf@samsung.com,Female,212.135.235.184
989,Yovonnda,Canas,ycanasrg@symantec.com,Genderqueer,235.4.28.223
990,Walton,Ferrai,wferrairh@sina.com.cn,Male,55.145.58.192
991,Junia,Flucker,jfluckerri@independent.co.uk,Female,43.70.52.88
992,Tandie,Feander,tfeanderrj@chronoengine.com,Female,132.169.207.2
993,Stan,Dinan,sdinanrk@nba.com,Male,51.120.248.38
994,Liva,Fynan,lfynanrl@yelp.com,Female,253.35.97.34
995,Gigi,Scawton,gscawtonrm@hud.gov,Female,247.46.9.169
996,Melvyn,Wellard,mwellardrn@vk.com,Non-binary,33.98.20.182
997,Otto,Rodge,orodgero@google.ca,Male,16.13.45.134
998,Trace,Woloschinski,twoloschinskirp@ehow.com,Polygender,136.175.31.209
999,Marlane,Grunson,mgrunsonrq@prnewswire.com,Genderqueer,50.21.6.98
1000,Gerti,Auckland,gaucklandrr@answers.com,Female,205.225.135.237
